{
  "stock_code": "PTPP.JK",
  "trained_date": "2026-05-20T05:59:44.420082",
  "samples": 996,
  "evaluation": {
    "random_forest": {
      "mae": 0.07321009057659758,
      "rmse": 0.10841719957003017,
      "r2": -1.8218365884797842
    },
    "xgboost": {
      "mae": 0.07566852661641854,
      "rmse": 0.10596116250538314,
      "r2": -1.6954353425168849
    },
    "linear_regression": {
      "mae": 0.05117765037238708,
      "rmse": 0.06921464328926775,
      "r2": -0.1500890271873243
    },
    "ensemble": {
      "mae": 0.06016547024559721,
      "rmse": 0.08282917573445185,
      "r2": -0.6470325001384534
    }
  }
}