{
  "stock_code": "TKIM.JK",
  "trained_date": "2026-05-20T06:00:30.345705",
  "samples": 996,
  "evaluation": {
    "random_forest": {
      "mae": 0.06993052137343167,
      "rmse": 0.10974183773458064,
      "r2": -0.16133277442031146
    },
    "xgboost": {
      "mae": 0.07727782620287141,
      "rmse": 0.11520928708441881,
      "r2": -0.2799329038386871
    },
    "linear_regression": {
      "mae": 0.06163720077670688,
      "rmse": 0.10269521696975228,
      "r2": -0.016980578042151473
    },
    "ensemble": {
      "mae": 0.06671600982720392,
      "rmse": 0.10700381780244994,
      "r2": -0.10410600470119014
    }
  }
}