{
  "stock_code": "MIKA.JK",
  "trained_date": "2026-05-20T05:59:14.894559",
  "samples": 996,
  "evaluation": {
    "random_forest": {
      "mae": 0.038303708204236724,
      "rmse": 0.048919707267562125,
      "r2": -0.9925465865085028
    },
    "xgboost": {
      "mae": 0.041955898571545705,
      "rmse": 0.051318335702730915,
      "r2": -1.192733803395193
    },
    "linear_regression": {
      "mae": 0.040310134566406745,
      "rmse": 0.049865525476282126,
      "r2": -1.0703395799224307
    },
    "ensemble": {
      "mae": 0.03918105450842299,
      "rmse": 0.048765392772819764,
      "r2": -0.9799956586930916
    }
  }
}