{
  "stock_code": "TINS.JK",
  "trained_date": "2026-05-20T06:00:23.770786",
  "samples": 996,
  "evaluation": {
    "random_forest": {
      "mae": 0.1571440971699771,
      "rmse": 0.22372929768485839,
      "r2": -0.6451322363329419
    },
    "xgboost": {
      "mae": 0.15849799643664608,
      "rmse": 0.2255816008381867,
      "r2": -0.6724858124641442
    },
    "linear_regression": {
      "mae": 0.14556626564368114,
      "rmse": 0.21368002117765955,
      "r2": -0.5006621537167228
    },
    "ensemble": {
      "mae": 0.15264678908665544,
      "rmse": 0.22012182175340525,
      "r2": -0.5925067823283063
    }
  }
}