{
  "stock_code": "PWON.JK",
  "trained_date": "2026-05-20T05:59:52.060271",
  "samples": 996,
  "evaluation": {
    "random_forest": {
      "mae": 0.05188964836919666,
      "rmse": 0.0634889344323704,
      "r2": -1.3906655163426573
    },
    "xgboost": {
      "mae": 0.06203339330073423,
      "rmse": 0.07405739190763679,
      "r2": -2.2528165250886145
    },
    "linear_regression": {
      "mae": 0.03767754489555228,
      "rmse": 0.04575520998921917,
      "r2": -0.24166330509910083
    },
    "ensemble": {
      "mae": 0.04767451743983853,
      "rmse": 0.05805855113258601,
      "r2": -0.9991948680733835
    }
  }
}