{
  "stock_code": "MNCN.JK",
  "trained_date": "2026-05-20T05:59:21.872399",
  "samples": 996,
  "evaluation": {
    "random_forest": {
      "mae": 0.05595607612929911,
      "rmse": 0.07082361498840739,
      "r2": -0.153987922728259
    },
    "xgboost": {
      "mae": 0.05520330407005414,
      "rmse": 0.06826434031298331,
      "r2": -0.07209403193393182
    },
    "linear_regression": {
      "mae": 0.048609958178855626,
      "rmse": 0.06675577203940074,
      "r2": -0.025233359314918546
    },
    "ensemble": {
      "mae": 0.05120835107646421,
      "rmse": 0.06537579032372154,
      "r2": 0.01671596649759921
    }
  }
}