{
  "stock_code": "BSDE.JK",
  "trained_date": "2026-05-20T05:57:19.704113",
  "samples": 996,
  "evaluation": {
    "random_forest": {
      "mae": 0.04703302182369933,
      "rmse": 0.0653915783580223,
      "r2": -0.13076066956070864
    },
    "xgboost": {
      "mae": 0.051252455681995664,
      "rmse": 0.07038647467178447,
      "r2": -0.3101031237267531
    },
    "linear_regression": {
      "mae": 0.04495564051456197,
      "rmse": 0.06251318561050472,
      "r2": -0.033404421960015585
    },
    "ensemble": {
      "mae": 0.04613915302126109,
      "rmse": 0.06422105524003432,
      "r2": -0.09064127367579777
    }
  }
}