{
  "stock_code": "BDMN.JK",
  "trained_date": "2026-05-20T05:56:52.083801",
  "samples": 996,
  "evaluation": {
    "random_forest": {
      "mae": 0.057004500544346526,
      "rmse": 0.12598229142826853,
      "r2": -0.2746097590668235
    },
    "xgboost": {
      "mae": 0.054931546413816056,
      "rmse": 0.12263270298145383,
      "r2": -0.2077327255173278
    },
    "linear_regression": {
      "mae": 0.05472204814623261,
      "rmse": 0.1273046374977341,
      "r2": -0.3015075206502531
    },
    "ensemble": {
      "mae": 0.055029190838244,
      "rmse": 0.12455351628209117,
      "r2": -0.24586279899353158
    }
  }
}