{
  "stock_code": "ERAA.JK",
  "trained_date": "2026-05-20T05:57:41.830521",
  "samples": 996,
  "evaluation": {
    "random_forest": {
      "mae": 0.03923265712991414,
      "rmse": 0.0526781828061172,
      "r2": -0.26343135608036494
    },
    "xgboost": {
      "mae": 0.04189063356537683,
      "rmse": 0.05625616656479402,
      "r2": -0.4408884191727598
    },
    "linear_regression": {
      "mae": 0.03534634229682629,
      "rmse": 0.04553789589789438,
      "r2": 0.055860862533598676
    },
    "ensemble": {
      "mae": 0.03728029970832099,
      "rmse": 0.049452681781117204,
      "r2": -0.11344758338993022
    }
  }
}