{
  "stock_code": "BYAN.JK",
  "trained_date": "2026-05-20T05:57:30.825624",
  "samples": 996,
  "evaluation": {
    "random_forest": {
      "mae": 0.08363096670120786,
      "rmse": 0.12774332787742154,
      "r2": -5.127552023271169
    },
    "xgboost": {
      "mae": 0.09117666246124617,
      "rmse": 0.13982372312457816,
      "r2": -6.341288296281169
    },
    "linear_regression": {
      "mae": 0.04230021536261774,
      "rmse": 0.0649042560717456,
      "r2": -0.5818194386326931
    },
    "ensemble": {
      "mae": 0.06945628090576478,
      "rmse": 0.1069649649006529,
      "r2": -3.2962907193739586
    }
  }
}